supplier_name,contact_phone,contact_email,address,city,country
Garden Bloom Ltd,109-399-9465,amcphelimy0@usa.gov,65573 Cody Parkway,Virgi,Comoros
Floral Creations Inc,910-835-5518,lmathiasen1@usatoday.com,90 Huxley Park,Huayuan,China
Green Thumb Supplies,879-501-8026,bmattityahou2@privacy.gov.au,6485 Bluejay Junction,Tenggong,Indonesia
Petal Pushers Co,378-430-6945,sbeinisch3@mapquest.com,4 Bluejay Center,Khawr,United Arab Emirates
Horticultural Haven,427-395-7484,pbye4@godaddy.com,77684 Union Circle,Reni,Ukraine
Blossom and Bloom,434-290-8681,schantrell5@chronoengine.com,546 Independence Center,Guansheng,China
Nature's Nurture,299-576-3021,tsmails6@nature.com,01 Ryan Drive,Jindong,China
Flower Power Shop,580-676-4283,fchisnall7@unesco.org,6872 Independence Court,Cust,Brazil
EcoGarden Solutions,892-836-0637,fcombes8@ucla.edu,662 David Circle,Hampang,Indonesia
The Flower Pot,830-592-4341,pbound9@jigsy.com,9334 Namekagon Crossing,Kalmar,Sweden
Botanical Boutique,102-951-1147,twardhaugha@digg.com,173 Graedel Hill,Amiens,France
Fresh Flora Ltd,611-813-6499,bmcnuffb@theguardian.com,556 Pond Street,Nouakchott,Mauritania
Garden Glory,429-387-7582,sglastonburyc@arstechnica.com,03327 Miller Trail,Yueyang,China
Evergreen Enterprises,635-891-7575,rspawtond@51.la,76193 Doe Crossing Place,Jiefangyan,China
Orchid Oasis,230-596-7075,rpagone@sogou.com,008 Clyde Gallagher Street,Isamo Oriental,Honduras
Flower Frenzy,350-790-6219,dwhordleyf@is.gd,199 Superior Junction,Zemen,Ethiopia
Green Gardeners,862-228-6695,cgrierg@engadget.com,195 Roxbury Place,Paterson,United States
The Bloom Room,874-437-7909,cdelamarh@4shared.com,967 Canary Center,Dubiecko,Poland
Plant Paradise,359-702-2588,dchampneysi@com.com,067 Daystar Parkway,As Sert,Yemen
Gardening Gurus,120-746-0241,kspaulej@storify.com,3985 Coleman Drive,Maquanzhen,China
Floral Fantasy,128-112-1221,lcolacok@instagram.com,8 West Street,Xijia,China
Nature's Bliss,631-635-0194,sbembriggl@printfriendly.com,47 Chive Point,Posedarje,Croatia
Blossom Bliss,137-320-1419,bdeglanvillem@nytimes.com,954 Carberry Hill,Bjelovar,Croatia
Garden Treasures,397-152-3903,kcawn@amazon.co.jp,54 Oriole Pass,Chesma,Russia
Flower Fields Inc,308-649-6039,rathridgeo@craigslist.org,2 Morning Avenue,Kair,Egypt
